Year,Day,Month,Hour,Minute,Second,GyroX,GyroY,GyroZ,AccelX,AccelY,AccelZ,ScaledAccelX,ScaledAccelY,ScaledAccelZ2023,31,03,20,22,00,-37,97,-146,480,11964,10700,0.029296875,0.730224609375,0.653076171875
2023,31,03,20,22,00,-51,98,-151,316,11972,10784,0.019287109375,0.730712890625,0.658203125
2023,31,03,20,22,00,26,105,-127,444,11944,10700,0.027099609375,0.72900390625,0.653076171875
2023,31,03,20,22,00,-31,97,-166,448,11836,10644,0.02734375,0.722412109375,0.649658203125
2023,31,03,20,22,01,251,98,-132,288,11872,10744,0.017578125,0.724609375,0.65576171875
2023,31,03,20,22,01,-251,89,-153,460,11876,10612,0.028076171875,0.724853515625,0.647705078125
2023,31,03,20,22,01,-25,117,-132,424,11980,10804,0.02587890625,0.731201171875,0.659423828125
2023,31,03,20,22,01,-2,121,-147,744,11832,10708,0.04541015625,0.72216796875,0.653564453125
2023,31,03,20,22,02,-256,149,-161,428,11816,10804,0.026123046875,0.72119140625,0.659423828125
2023,31,03,20,22,02,-9,118,-125,396,11896,10552,0.024169921875,0.72607421875,0.64404296875
2023,31,03,20,22,02,-17,97,-132,428,11888,10632,0.026123046875,0.7255859375,0.64892578125
2023,31,03,20,22,02,-43,113,-138,480,11920,10652,0.029296875,0.7275390625,0.650146484375
2023,31,03,20,22,02,-9,79,-142,472,11912,10756,0.02880859375,0.72705078125,0.656494140625
2023,31,03,20,22,03,-48,123,-143,756,11868,10624,0.046142578125,0.724365234375,0.6484375
2023,31,03,20,22,03,-22,95,-127,388,11896,10616,0.023681640625,0.72607421875,0.64794921875
2023,31,03,20,22,03,-29,112,-146,740,11928,10648,0.045166015625,0.72802734375,0.64990234375
2023,31,03,20,22,03,-35,107,-165,256,11928,10496,0.015625,0.72802734375,0.640625
2023,31,03,20,22,03,-27,88,-164,440,11992,10736,0.02685546875,0.73193359375,0.6552734375
2023,31,03,20,22,04,-28,95,-149,268,11912,10724,0.016357421875,0.72705078125,0.654541015625
2023,31,03,20,22,04,-18,90,-159,472,11920,10628,0.02880859375,0.7275390625,0.648681640625
2023,31,03,20,22,04,-42,99,-144,512,11940,10652,0.03125,0.728759765625,0.650146484375
2023,31,03,20,22,04,-26,87,-144,260,11888,10500,0.015869140625,0.7255859375,0.640869140625
2023,31,03,20,22,05,-17,93,-128,456,11972,10568,0.02783203125,0.730712890625,0.64501953125
2023,31,03,20,22,05,-18,98,-133,760,11900,10644,0.04638671875,0.726318359375,0.649658203125
2023,31,03,20,22,05,-255,111,-149,500,11812,10672,0.030517578125,0.720947265625,0.6513671875
2023,31,03,20,22,05,-14,102,-132,488,11992,10700,0.02978515625,0.73193359375,0.653076171875
2023,31,03,20,22,05,254,100,-152,312,11864,11004,0.01904296875,0.72412109375,0.671630859375
2023,31,03,20,22,06,-16,105,-120,596,11836,10776,0.036376953125,0.722412109375,0.65771484375
2023,31,03,20,22,06,-15,89,-139,472,11996,10980,0.02880859375,0.732177734375,0.670166015625
2023,31,03,20,22,06,-7,102,-151,440,11864,10852,0.02685546875,0.72412109375,0.662353515625
2023,31,03,20,22,06,-22,106,-140,424,11900,10988,0.02587890625,0.726318359375,0.670654296875
2023,31,03,20,22,06,-40,102,-144,476,11872,10740,0.029052734375,0.724609375,0.655517578125
2023,31,03,20,22,07,-46,110,-144,412,11928,10892,0.025146484375,0.72802734375,0.664794921875
2023,31,03,20,22,07,-34,77,-173,700,11952,10612,0.042724609375,0.7294921875,0.647705078125
2023,31,03,20,22,07,-5,110,-144,376,11916,10680,0.02294921875,0.727294921875,0.65185546875
2023,31,03,20,22,07,-11,100,-134,280,11796,10732,0.01708984375,0.719970703125,0.655029296875
2023,31,03,20,22,08,-34,96,-124,476,11848,10632,0.029052734375,0.72314453125,0.64892578125
2023,31,03,20,22,08,-22,94,-153,500,11944,10712,0.030517578125,0.72900390625,0.65380859375
2023,31,03,20,22,08,-17,83,-144,492,11940,10704,0.030029296875,0.728759765625,0.6533203125
2023,31,03,20,22,08,-9,109,-149,428,11904,10972,0.026123046875,0.7265625,0.669677734375
2023,31,03,20,22,08,-13,118,-141,508,11568,10832,0.031005859375,0.7060546875,0.6611328125
2023,31,03,20,22,09,-38,123,-134,488,11908,10820,0.02978515625,0.726806640625,0.660400390625
2023,31,03,20,22,09,-19,108,-123,632,11992,10784,0.03857421875,0.73193359375,0.658203125
2023,31,03,20,22,09,-34,87,-147,480,11872,10620,0.029296875,0.724609375,0.648193359375
2023,31,03,20,22,09,20,104,-137,460,12028,10780,0.028076171875,0.734130859375,0.657958984375
2023,31,03,20,22,09,-135,96,-145,756,11876,10900,0.046142578125,0.724853515625,0.665283203125
2023,31,03,20,22,10,-25,91,-155,680,11912,10824,0.04150390625,0.72705078125,0.66064453125
2023,31,03,20,22,10,-67,95,-126,596,11880,10976,0.036376953125,0.72509765625,0.669921875
2023,31,03,20,22,10,268,94,-147,260,11832,10524,0.015869140625,0.72216796875,0.642333984375
2023,31,03,20,22,10,-95,103,-142,692,11908,10748,0.042236328125,0.726806640625,0.656005859375
2023,31,03,20,22,11,249,106,-125,548,11868,10992,0.033447265625,0.724365234375,0.6708984375
2023,31,03,20,22,11,-208,110,-150,272,11952,10964,0.0166015625,0.7294921875,0.669189453125
2023,31,03,20,22,11,95,125,-164,504,11844,10688,0.03076171875,0.722900390625,0.65234375
2023,31,03,20,22,11,-61,73,-127,308,11940,10800,0.018798828125,0.728759765625,0.6591796875
2023,31,03,20,22,11,27,87,-129,696,11908,10696,0.04248046875,0.726806640625,0.65283203125
2023,31,03,20,22,12,-247,111,-137,388,12016,10708,0.023681640625,0.7333984375,0.653564453125
2023,31,03,20,22,12,-118,89,-137,532,11844,10508,0.032470703125,0.722900390625,0.641357421875
2023,31,03,20,22,12,49,93,-142,676,11896,10788,0.041259765625,0.72607421875,0.658447265625
2023,31,03,20,22,12,-133,96,-148,460,11792,10796,0.028076171875,0.7197265625,0.658935546875
2023,31,03,20,22,12,-1083,79,-120,356,11536,10788,0.021728515625,0.7041015625,0.658447265625
2023,31,03,20,22,13,-237,99,-135,980,11552,10704,0.059814453125,0.705078125,0.6533203125
2023,31,03,20,22,13,-163,-6,-460,-296,10248,12920,-0.01806640625,0.62548828125,0.78857421875
2023,31,03,20,22,13,-12,172,-47,308,11556,10664,0.018798828125,0.705322265625,0.65087890625
2023,31,03,20,22,13,664,-441,-577,1208,12476,10616,0.07373046875,0.761474609375,0.64794921875
2023,31,03,20,22,14,304,-786,-959,864,12612,10576,0.052734375,0.769775390625,0.6455078125
2023,31,03,20,22,14,-1596,-184,-365,636,11776,10752,0.038818359375,0.71875,0.65625
2023,31,03,20,22,14,-498,576,280,940,11648,10300,0.057373046875,0.7109375,0.628662109375
2023,31,03,20,22,14,713,85,-161,328,12232,10600,0.02001953125,0.74658203125,0.64697265625
2023,31,03,20,22,14,-731,100,-147,316,11872,10552,0.019287109375,0.724609375,0.64404296875
2023,31,03,20,22,15,320,110,-160,464,11660,10612,0.0283203125,0.711669921875,0.647705078125
2023,31,03,20,22,15,856,73,-123,296,12228,10464,0.01806640625,0.746337890625,0.638671875
2023,31,03,20,22,15,338,104,-127,612,12268,10436,0.037353515625,0.748779296875,0.636962890625
2023,31,03,20,22,15,76,71,-167,500,12196,10344,0.030517578125,0.744384765625,0.63134765625
2023,31,03,20,22,15,-198,96,-153,764,12204,10448,0.046630859375,0.744873046875,0.6376953125
2023,31,03,20,22,16,-20,128,-155,456,12152,10436,0.02783203125,0.74169921875,0.636962890625
2023,31,03,20,22,16,-555,78,-137,476,11992,10596,0.029052734375,0.73193359375,0.646728515625
2023,31,03,20,22,16,-58,106,-131,488,11860,10432,0.02978515625,0.723876953125,0.63671875
2023,31,03,20,22,16,10,659,643,920,10764,11800,0.05615234375,0.656982421875,0.72021484375
2023,31,03,20,22,17,-921,6224,-1879,-716,13316,10236,-0.043701171875,0.812744140625,0.624755859375
2023,31,03,20,22,17,-15487,-963,-1405,-1660,12180,13364,-0.101318359375,0.743408203125,0.815673828125
2023,31,03,20,22,17,-26815,-3974,-2821,1964,-5344,14372,0.119873046875,-0.326171875,0.877197265625
2023,31,03,20,22,17,-10631,6459,-1523,1520,-8324,11428,0.0927734375,-0.508056640625,0.697509765625
2023,31,03,20,22,17,-665,2957,-997,-156,-12408,8448,-0.009521484375,-0.75732421875,0.515625
2023,31,03,20,22,18,29831,4312,10137,-4364,-6740,10112,-0.266357421875,-0.411376953125,0.6171875
2023,31,03,20,22,18,29716,-2127,11146,-3692,6256,16072,-0.225341796875,0.3818359375,0.98095703125
2023,31,03,20,22,18,20648,4690,3619,-3836,15212,3636,-0.234130859375,0.928466796875,0.221923828125
2023,31,03,20,22,18,17113,8270,-2248,-4936,15284,-8668,-0.30126953125,0.932861328125,-0.529052734375
2023,31,03,20,22,18,1478,7659,-5008,-3476,15056,-10032,-0.212158203125,0.9189453125,-0.6123046875
2023,31,03,20,22,19,-19958,6610,-5279,-3424,14424,-8368,-0.208984375,0.88037109375,-0.5107421875
2023,31,03,20,22,19,-22389,5890,-1086,-4340,17532,-1500,-0.264892578125,1.070068359375,-0.091552734375
2023,31,03,20,22,19,-32733,659,-3444,-5560,9848,10564,-0.33935546875,0.60107421875,0.644775390625
2023,31,03,20,22,19,-14992,-1642,-6973,-4860,1036,15880,-0.296630859375,0.063232421875,0.96923828125
2023,31,03,20,22,20,-12246,-3922,-11522,-1580,-5892,13128,-0.096435546875,-0.359619140625,0.80126953125
2023,31,03,20,22,20,5665,-2964,-9427,112,-8400,13672,0.0068359375,-0.5126953125,0.83447265625
2023,31,03,20,22,20,32767,14134,-6038,1172,2312,12252,0.071533203125,0.14111328125,0.747802734375
2023,31,03,20,22,20,16875,7591,-4773,-2816,17072,4504,-0.171875,1.0419921875,0.27490234375
2023,31,03,20,22,20,-9709,7140,-4474,-5264,17096,2336,-0.3212890625,1.04345703125,0.142578125
2023,31,03,20,22,21,-16197,-1895,-3304,-7400,11128,6684,-0.45166015625,0.67919921875,0.407958984375
2023,31,03,20,22,21,-4417,-4523,-1567,-6008,3176,10756,-0.36669921875,0.19384765625,0.656494140625
2023,31,03,20,22,21,-424,-5007,1347,-4544,2812,13324,-0.27734375,0.171630859375,0.813232421875
2023,31,03,20,22,21,404,-1719,-673,-3632,6172,14848,-0.2216796875,0.376708984375,0.90625
2023,31,03,20,22,21,1723,-2120,3034,-1348,7232,14484,-0.082275390625,0.44140625,0.884033203125
2023,31,03,20,22,22,-113,743,-1534,-788,6176,13488,-0.048095703125,0.376953125,0.8232421875
2023,31,03,20,22,22,4277,-206,317,-2276,7752,12420,-0.138916015625,0.47314453125,0.758056640625
2023,31,03,20,22,22,-1229,-3637,429,-1432,7860,12516,-0.08740234375,0.479736328125,0.763916015625
2023,31,03,20,22,22,1406,-83,-713,684,2948,15496,0.041748046875,0.179931640625,0.94580078125
2023,31,03,20,22,23,1253,-2090,-4284,132,9116,12928,0.008056640625,0.556396484375,0.7890625
2023,31,03,20,22,23,5594,-4918,-4009,1808,13032,10576,0.1103515625,0.79541015625,0.6455078125
2023,31,03,20,22,23,-167,352,-275,704,12388,10592,0.04296875,0.756103515625,0.646484375
2023,31,03,20,22,23,433,-119,-391,368,12132,10540,0.0224609375,0.740478515625,0.643310546875
2023,31,03,20,22,23,-105,81,-150,284,12172,10420,0.017333984375,0.742919921875,0.635986328125
2023,31,03,20,22,24,-78,118,-150,552,12040,10440,0.03369140625,0.73486328125,0.63720703125
2023,31,03,20,22,24,49,84,-153,532,12184,10380,0.032470703125,0.74365234375,0.633544921875
2023,31,03,20,22,24,103,102,-130,520,12336,10372,0.03173828125,0.7529296875,0.633056640625
2023,31,03,20,22,24,29,88,-139,532,12368,10484,0.032470703125,0.7548828125,0.639892578125
2023,31,03,20,22,24,-64,101,-139,460,12112,10160,0.028076171875,0.7392578125,0.6201171875
2023,31,03,20,22,25,88,97,-134,724,12532,10228,0.044189453125,0.764892578125,0.624267578125
2023,31,03,20,22,25,6,125,-149,412,12360,10316,0.025146484375,0.75439453125,0.629638671875
2023,31,03,20,22,25,228,-130,-342,676,12740,10132,0.041259765625,0.777587890625,0.618408203125
2023,31,03,20,22,25,-365,117,-158,396,12408,10296,0.024169921875,0.75732421875,0.62841796875
2023,31,03,20,22,26,-1020,116,-140,552,12472,10172,0.03369140625,0.76123046875,0.620849609375
2023,31,03,20,22,26,-300,92,-138,632,12304,10128,0.03857421875,0.7509765625,0.6181640625
2023,31,03,20,22,26,-1085,120,-179,748,12288,10248,0.045654296875,0.75,0.62548828125
2023,31,03,20,22,26,-1391,112,-164,420,11984,10568,0.025634765625,0.7314453125,0.64501953125
2023,31,03,20,22,26,239,89,-128,1016,11964,10156,0.06201171875,0.730224609375,0.619873046875
2023,31,03,20,22,27,830,87,-137,252,12500,10012,0.015380859375,0.762939453125,0.611083984375
2023,31,03,20,35,29.920481f,-12,99,-141,580,12784,9844,0.035400390625,0.7802734375,0.600830078125
2023,31,03,20,35,29.939495f,-25,94,-125,524,12596,9744,0.031982421875,0.768798828125,0.5947265625
2023,31,03,20,35,29.955878f,-15,101,-140,540,12700,9900,0.032958984375,0.775146484375,0.604248046875
2023,31,03,20,35,29.971738f,-25,96,-140,552,12676,9820,0.03369140625,0.773681640625,0.599365234375
2023,31,03,20,35,29.987555f,-12,86,-148,516,12608,9956,0.031494140625,0.76953125,0.607666015625
2023,31,03,20,35,30.003398f,-17,111,-145,468,12564,9632,0.028564453125,0.766845703125,0.587890625
2023,31,03,20,35,30.019207f,-25,108,-140,540,12704,9792,0.032958984375,0.775390625,0.59765625
2023,31,03,20,35,30.035039f,-24,103,-128,256,12740,9944,0.015625,0.777587890625,0.60693359375
2023,31,03,20,35,30.050843f,-7,105,-141,504,12680,9932,0.03076171875,0.77392578125,0.606201171875
2023,31,03,20,35,30.066644f,-34,101,-138,488,12664,9752,0.02978515625,0.77294921875,0.59521484375
2023,31,03,20,35,30.082445f,-21,89,-143,600,12616,9848,0.03662109375,0.77001953125,0.60107421875
2023,31,03,20,35,30.098256f,0,107,-140,540,12632,9952,0.032958984375,0.77099609375,0.607421875
2023,31,03,20,35,30.114053f,254,96,-135,528,12616,9884,0.0322265625,0.77001953125,0.603271484375
2023,31,03,20,35,30.129852f,-37,102,-137,492,12668,9560,0.030029296875,0.773193359375,0.58349609375
2023,31,03,20,35,30.145660f,-6,94,-168,584,12588,9828,0.03564453125,0.768310546875,0.599853515625
2023,31,03,20,35,30.161470f,-36,88,-141,480,12676,10132,0.029296875,0.773681640625,0.618408203125
2023,31,03,20,35,30.177268f,-24,118,-133,584,12668,9984,0.03564453125,0.773193359375,0.609375
2023,31,03,20,35,30.193068f,-2,112,-131,276,12652,9884,0.016845703125,0.772216796875,0.603271484375
2023,31,03,20,35,30.208864f,-253,104,-142,508,12676,9920,0.031005859375,0.773681640625,0.60546875
2023,31,03,20,35,30.224657f,-24,85,-139,428,12648,9600,0.026123046875,0.77197265625,0.5859375
2023,31,03,20,35,30.240447f,-20,129,-134,416,12676,9964,0.025390625,0.773681640625,0.608154296875
2023,31,03,20,35,30.256244f,-23,113,-148,528,12660,9900,0.0322265625,0.772705078125,0.604248046875
2023,31,03,20,35,30.272036f,-26,103,-149,488,12720,9832,0.02978515625,0.7763671875,0.60009765625
2023,31,03,20,35,30.287828f,-21,108,-114,500,12636,9900,0.030517578125,0.771240234375,0.604248046875
2023,31,03,20,35,30.303620f,-26,102,-156,568,12660,9756,0.03466796875,0.772705078125,0.595458984375
2023,31,03,20,35,30.319428f,-11,113,-126,584,12576,9912,0.03564453125,0.767578125,0.60498046875
2023,31,03,20,35,30.335238f,-19,111,-131,456,12700,9932,0.02783203125,0.775146484375,0.606201171875
2023,31,03,20,35,30.351031f,-12,97,-156,472,12688,9760,0.02880859375,0.7744140625,0.595703125
2023,31,03,20,35,30.366836f,-35,116,-147,492,12660,9908,0.030029296875,0.772705078125,0.604736328125
2023,31,03,20,35,30.382528f,-13,103,-127,488,12696,9764,0.02978515625,0.77490234375,0.595947265625
2023,31,03,20,35,30.398067f,-17,115,-148,444,12660,9788,0.027099609375,0.772705078125,0.597412109375
2023,31,03,20,35,30.413611f,-33,96,-116,624,12624,9792,0.0380859375,0.7705078125,0.59765625
2023,31,03,20,35,30.429127f,-1,100,-128,564,12708,9888,0.034423828125,0.775634765625,0.603515625
2023,31,03,20,35,30.444673f,-20,93,-134,544,12608,9852,0.033203125,0.76953125,0.601318359375
2023,31,03,20,35,30.460191f,-1,78,-164,612,12612,9760,0.037353515625,0.769775390625,0.595703125
2023,31,03,20,35,30.475719f,-38,108,-126,440,12756,9628,0.02685546875,0.778564453125,0.587646484375
2023,31,03,20,35,30.491239f,-34,121,-145,728,12668,9896,0.04443359375,0.773193359375,0.60400390625
2023,31,03,20,35,30.506762f,-27,102,-147,484,12664,9848,0.029541015625,0.77294921875,0.60107421875
2023,31,03,20,35,30.522277f,-15,114,-152,384,12664,10148,0.0234375,0.77294921875,0.619384765625
2023,31,03,20,35,30.537800f,-14,115,-123,524,12656,9828,0.031982421875,0.7724609375,0.599853515625
2023,31,03,20,35,30.553308f,-10,99,-136,644,12660,9848,0.039306640625,0.772705078125,0.60107421875
2023,31,03,20,35,30.568824f,-24,88,-147,284,12624,9876,0.017333984375,0.7705078125,0.602783203125
2023,31,03,20,35,30.584341f,-29,94,-159,520,12732,9660,0.03173828125,0.777099609375,0.589599609375
2023,31,03,20,35,30.599856f,-17,100,-154,672,12664,9748,0.041015625,0.77294921875,0.594970703125
2023,31,03,20,35,30.615367f,-33,99,-141,568,12640,9964,0.03466796875,0.771484375,0.608154296875
2023,31,03,20,35,30.630882f,-23,113,-115,544,12672,9968,0.033203125,0.7734375,0.6083984375
2023,31,03,20,35,30.646424f,-31,78,-150,280,12716,9752,0.01708984375,0.776123046875,0.59521484375
2023,31,03,20,35,30.667560f,-34,112,-125,308,12544,9768,0.018798828125,0.765625,0.59619140625
2023,31,03,20,35,30.691205f,-34,108,-162,416,12656,9912,0.025390625,0.7724609375,0.60498046875
2023,31,03,20,35,30.714877f,-15,93,-131,548,12620,9768,0.033447265625,0.770263671875,0.59619140625
2023,31,03,20,35,30.738508f,-9,90,-143,560,12660,9956,0.0341796875,0.772705078125,0.607666015625
2023,31,03,20,35,30.762158f,-23,97,-146,548,12652,9900,0.033447265625,0.772216796875,0.604248046875
2023,31,03,20,35,30.783889f,-39,102,-172,288,12608,9548,0.017578125,0.76953125,0.582763671875
2023,31,03,20,35,30.805611f,-31,101,-130,472,12596,9628,0.02880859375,0.768798828125,0.587646484375
2023,31,03,20,35,30.827317f,-44,103,-152,504,12620,9524,0.03076171875,0.770263671875,0.581298828125
2023,31,03,20,35,30.849030f,-22,96,-144,740,13008,9580,0.045166015625,0.7939453125,0.584716796875
2023,31,03,20,35,30.870784f,-19,94,-157,304,12600,9852,0.0185546875,0.76904296875,0.601318359375
2023,31,03,20,35,30.892505f,-33,104,-145,552,12684,9976,0.03369140625,0.774169921875,0.60888671875
2023,31,03,20,35,30.914225f,-249,94,-131,512,12684,9840,0.03125,0.774169921875,0.6005859375
2023,31,03,20,35,30.935972f,-16,75,-150,732,12644,9816,0.044677734375,0.771728515625,0.59912109375
2023,31,03,20,35,30.957685f,-11,109,-159,448,12968,9952,0.02734375,0.79150390625,0.607421875
2023,31,03,20,35,30.979424f,-2,96,-155,748,12628,9892,0.045654296875,0.770751953125,0.603759765625
2023,31,03,20,35,31.001135f,-26,80,-150,524,12692,9948,0.031982421875,0.774658203125,0.607177734375
2023,31,03,20,35,31.022861f,-29,103,-135,260,12592,9808,0.015869140625,0.7685546875,0.5986328125
2023,31,03,20,35,31.044573f,-10,89,-147,584,12600,10100,0.03564453125,0.76904296875,0.616455078125
2023,31,03,20,35,31.066971f,-29,131,-142,536,12736,9820,0.03271484375,0.77734375,0.599365234375
2023,31,03,20,35,31.090634f,-25,86,-139,728,12608,9800,0.04443359375,0.76953125,0.59814453125
2023,31,03,20,35,31.114267f,-36,92,-136,264,12660,9836,0.01611328125,0.772705078125,0.600341796875
2023,31,03,20,35,31.137895f,-18,102,-154,468,12740,9800,0.028564453125,0.777587890625,0.59814453125
2023,31,03,20,35,31.161538f,-27,93,-145,760,12692,9868,0.04638671875,0.774658203125,0.602294921875
2023,31,03,20,35,31.183321f,7,79,-131,548,12696,9784,0.033447265625,0.77490234375,0.59716796875
2023,31,03,20,35,31.205034f,-23,117,-152,656,12684,9736,0.0400390625,0.774169921875,0.59423828125
2023,31,03,20,35,31.226737f,-4,114,-161,444,12672,9716,0.027099609375,0.7734375,0.593017578125
2023,31,03,20,35,31.248441f,-21,92,-154,520,12584,9896,0.03173828125,0.76806640625,0.60400390625
2023,31,03,20,35,31.270176f,-19,91,-125,580,12660,9800,0.035400390625,0.772705078125,0.59814453125
2023,31,03,20,35,31.291885f,-20,90,-147,576,12700,9844,0.03515625,0.775146484375,0.600830078125
2023,31,03,20,35,31.313589f,-18,100,-129,316,12724,9948,0.019287109375,0.776611328125,0.607177734375
2023,31,03,20,35,31.335296f,-13,98,-160,540,12664,9880,0.032958984375,0.77294921875,0.60302734375
2023,31,03,20,35,31.356995f,-29,97,-137,284,12672,9844,0.017333984375,0.7734375,0.600830078125
2023,31,03,20,35,31.378720f,-18,94,-139,524,12612,10236,0.031982421875,0.769775390625,0.624755859375
2023,31,03,20,35,31.400499f,-13,93,-143,532,12680,9968,0.032470703125,0.77392578125,0.6083984375
2023,31,03,20,35,31.422248f,-38,82,-149,328,12624,9840,0.02001953125,0.7705078125,0.6005859375
2023,31,03,20,35,31.443964f,-22,92,-165,328,12580,9836,0.02001953125,0.767822265625,0.600341796875
2023,31,03,20,35,31.465677f,-256,94,-142,508,12732,9736,0.031005859375,0.777099609375,0.59423828125
2023,31,03,20,35,31.487384f,-7,81,-156,320,12648,9804,0.01953125,0.77197265625,0.598388671875
2023,31,03,20,35,31.509092f,-35,122,-137,648,12668,9792,0.03955078125,0.773193359375,0.59765625
2023,31,03,20,35,31.530830f,-25,113,-157,656,12700,9756,0.0400390625,0.775146484375,0.595458984375
2023,31,03,20,35,31.552538f,-27,100,-152,524,12620,9708,0.031982421875,0.770263671875,0.592529296875
2023,31,03,20,35,31.574646f,-31,106,-141,428,12660,9812,0.026123046875,0.772705078125,0.598876953125
2023,31,03,20,35,31.598294f,-28,109,-136,624,12608,9968,0.0380859375,0.76953125,0.6083984375
2023,31,03,20,35,31.621923f,-27,94,-145,456,12684,9872,0.02783203125,0.774169921875,0.6025390625
2023,31,03,20,35,31.645558f,-3,96,-142,692,12748,9728,0.042236328125,0.778076171875,0.59375
2023,31,03,20,35,31.669184f,-31,96,-153,508,12604,9772,0.031005859375,0.769287109375,0.596435546875
2023,31,03,20,35,31.691213f,-35,114,-126,580,12712,9760,0.035400390625,0.77587890625,0.595703125
2023,31,03,20,35,31.712936f,-34,110,-123,456,12724,9964,0.02783203125,0.776611328125,0.608154296875
2023,31,03,20,35,31.734649f,-29,106,-130,548,12776,9748,0.033447265625,0.77978515625,0.594970703125
2023,31,03,20,35,31.756349f,-18,105,-153,512,12628,9760,0.03125,0.770751953125,0.595703125
2023,31,03,20,35,31.778054f,-12,84,-135,752,12568,9740,0.0458984375,0.76708984375,0.594482421875
2023,31,03,20,35,31.799758f,-16,84,-151,356,12680,10148,0.021728515625,0.77392578125,0.619384765625
2023,31,03,20,35,31.821462f,-49,95,-156,540,12680,9736,0.032958984375,0.77392578125,0.59423828125
2023,31,03,20,35,31.843276f,-12,107,-124,532,12652,9796,0.032470703125,0.772216796875,0.597900390625
2023,31,03,20,35,31.865038f,-44,90,-144,332,12624,9728,0.020263671875,0.7705078125,0.59375
2023,31,03,20,35,31.888591f,-40,91,-118,540,12648,9888,0.032958984375,0.77197265625,0.603515625
2023,31,03,20,35,31.912227f,-10,107,-157,512,12644,9816,0.03125,0.771728515625,0.59912109375
2023,31,03,20,35,31.935848f,-5,104,-147,664,12616,9864,0.04052734375,0.77001953125,0.60205078125
2023,31,03,20,35,31.959504f,-38,100,-122,500,12616,9916,0.030517578125,0.77001953125,0.605224609375
2023,31,03,20,35,31.981940f,-36,122,-134,752,12692,9908,0.0458984375,0.774658203125,0.604736328125
2023,31,03,20,35,32.003639f,-37,104,-166,752,12828,9832,0.0458984375,0.782958984375,0.60009765625
2023,31,03,20,35,32.025324f,-10,88,-148,556,12712,9796,0.033935546875,0.77587890625,0.597900390625
2023,31,03,20,35,32.047012f,-19,90,-156,556,12732,9884,0.033935546875,0.777099609375,0.603271484375
2023,31,03,20,35,32.068683f,-49,95,-134,516,12612,9800,0.031494140625,0.769775390625,0.59814453125
2023,31,03,20,35,32.090448f,-25,106,-135,568,12744,9912,0.03466796875,0.77783203125,0.60498046875
2023,31,03,20,35,32.112126f,-33,99,-158,364,12648,9908,0.022216796875,0.77197265625,0.604736328125
2023,31,03,20,35,32.134309f,-251,100,-127,748,12652,9880,0.045654296875,0.772216796875,0.60302734375
2023,31,03,20,35,32.156582f,-28,87,-164,460,12632,9860,0.028076171875,0.77099609375,0.601806640625
2023,31,03,20,35,32.179549f,-38,109,-127,524,12684,9812,0.031982421875,0.774169921875,0.598876953125
2023,31,03,20,35,32.202042f,-47,101,-151,380,12600,9864,0.023193359375,0.76904296875,0.60205078125
2023,31,03,20,35,32.225042f,-12,100,-165,580,12568,9808,0.035400390625,0.76708984375,0.5986328125
2023,31,03,20,35,32.247735f,-10,111,-165,520,12700,9800,0.03173828125,0.775146484375,0.59814453125
2023,31,03,20,35,32.270551f,-34,112,-147,520,12664,9908,0.03173828125,0.77294921875,0.604736328125
2023,31,03,20,35,32.293243f,-31,96,-156,444,12592,9752,0.027099609375,0.7685546875,0.59521484375
2023,31,03,20,35,32.316112f,-16,74,-127,580,12612,9936,0.035400390625,0.769775390625,0.6064453125
2023,31,03,20,35,32.338825f,-40,87,-162,580,12728,9812,0.035400390625,0.77685546875,0.598876953125
2023,31,03,20,35,32.362744f,-13,93,-130,624,12696,9820,0.0380859375,0.77490234375,0.599365234375
2023,31,03,20,35,32.384564f,-7,96,-124,560,12644,9948,0.0341796875,0.771728515625,0.607177734375
2023,31,03,20,35,32.405000f,-21,94,-150,268,12708,9820,0.016357421875,0.775634765625,0.599365234375
2023,31,03,20,35,32.425343f,-12,114,-134,532,12660,10184,0.032470703125,0.772705078125,0.62158203125
2023,31,03,20,35,32.445635f,-37,92,-121,520,12628,9912,0.03173828125,0.770751953125,0.60498046875
2023,31,03,20,35,32.465906f,-13,82,-139,572,12680,9728,0.034912109375,0.77392578125,0.59375
2023,31,03,20,35,32.487764f,-18,111,-124,732,12700,9800,0.044677734375,0.775146484375,0.59814453125
2023,31,03,20,35,32.510496f,-31,94,-142,532,12704,9700,0.032470703125,0.775390625,0.592041015625
2023,31,03,20,35,32.533068f,-8,108,-161,260,12716,9880,0.015869140625,0.776123046875,0.60302734375
2023,31,03,20,35,32.555694f,-44,120,-124,540,12612,9900,0.032958984375,0.769775390625,0.604248046875
2023,31,03,20,35,32.578198f,-31,98,-152,572,12680,9816,0.034912109375,0.77392578125,0.59912109375
2023,31,03,20,35,32.600356f,6,118,-134,536,12576,9924,0.03271484375,0.767578125,0.605712890625
2023,31,03,20,35,32.622206f,-18,99,-145,476,12320,9848,0.029052734375,0.751953125,0.60107421875
2023,31,03,20,35,32.644566f,-24,67,-144,712,12704,9496,0.04345703125,0.775390625,0.57958984375
2023,31,03,20,35,32.666772f,-26,91,-143,556,12664,9740,0.033935546875,0.77294921875,0.594482421875
2023,31,03,20,35,32.688984f,-14,91,-120,712,12628,9784,0.04345703125,0.770751953125,0.59716796875
2023,31,03,20,35,32.710880f,-33,104,-126,552,12588,9964,0.03369140625,0.768310546875,0.608154296875
2023,31,03,20,35,32.732663f,-18,76,-164,516,12636,9864,0.031494140625,0.771240234375,0.60205078125
2023,31,03,20,35,32.754430f,-32,102,-154,552,12664,9948,0.03369140625,0.77294921875,0.607177734375
2023,31,03,20,35,32.776191f,-32,97,-134,556,12676,9892,0.033935546875,0.773681640625,0.603759765625
2023,31,03,20,35,32.797974f,-5,80,-135,584,12684,9892,0.03564453125,0.774169921875,0.603759765625
2023,31,03,20,35,32.819740f,-36,101,-146,448,12728,9792,0.02734375,0.77685546875,0.59765625
2023,31,03,20,35,32.841887f,240,102,-144,400,12692,9860,0.0244140625,0.774658203125,0.601806640625
2023,31,03,20,35,32.864034f,-35,105,-141,540,12656,9940,0.032958984375,0.7724609375,0.606689453125
2023,31,03,20,35,32.885855f,-254,115,-131,572,12652,9940,0.034912109375,0.772216796875,0.606689453125
2023,31,03,20,35,32.907628f,-18,81,-139,576,12612,9948,0.03515625,0.769775390625,0.607177734375
2023,31,03,20,35,32.929405f,-16,102,-149,616,12596,9780,0.03759765625,0.768798828125,0.596923828125
2023,31,03,20,35,32.951143f,-27,86,-127,512,12744,9832,0.03125,0.77783203125,0.60009765625
2023,31,03,20,35,32.972882f,-11,100,-167,456,12628,9796,0.02783203125,0.770751953125,0.597900390625
2023,31,03,20,35,32.994626f,-47,102,-156,460,12704,9928,0.028076171875,0.775390625,0.60595703125
2023,31,03,20,35,33.016371f,-12,92,-126,544,12580,9792,0.033203125,0.767822265625,0.59765625
2023,31,03,20,35,33.038106f,-38,99,-139,552,12552,9852,0.03369140625,0.76611328125,0.601318359375
2023,31,03,20,35,33.059832f,-26,108,-148,616,12684,9872,0.03759765625,0.774169921875,0.6025390625
2023,31,03,20,35,33.081567f,-22,106,-166,292,12660,9828,0.017822265625,0.772705078125,0.599853515625
2023,31,03,20,35,33.103295f,-14,84,-139,520,12652,9764,0.03173828125,0.772216796875,0.595947265625
2023,31,03,20,35,33.125037f,-17,86,-168,576,12696,9892,0.03515625,0.77490234375,0.603759765625
2023,31,03,20,35,33.146760f,237,112,-139,584,12676,9980,0.03564453125,0.773681640625,0.609130859375
2023,31,03,20,35,33.168488f,-17,106,-136,584,12720,9748,0.03564453125,0.7763671875,0.594970703125
2023,31,03,20,35,33.190214f,-28,106,-132,580,12636,9836,0.035400390625,0.771240234375,0.600341796875
2023,31,03,20,35,33.211953f,-26,92,-181,588,12628,9848,0.035888671875,0.770751953125,0.60107421875
2023,31,03,20,35,33.233681f,-9,87,-145,532,12592,9972,0.032470703125,0.7685546875,0.608642578125
2023,31,03,20,35,33.255410f,-13,100,-134,500,12716,9860,0.030517578125,0.776123046875,0.601806640625
2023,31,03,20,35,33.277130f,-16,109,-163,456,12684,9924,0.02783203125,0.774169921875,0.605712890625
2023,31,03,20,35,33.298862f,-8,81,-151,340,12696,10200,0.020751953125,0.77490234375,0.62255859375
2023,31,03,20,35,33.320627f,-19,91,-140,460,12732,9980,0.028076171875,0.777099609375,0.609130859375
2023,31,03,20,35,33.342377f,-23,88,-125,764,12716,9736,0.046630859375,0.776123046875,0.59423828125
2023,31,03,20,35,33.364124f,-22,64,-139,552,12660,9860,0.03369140625,0.772705078125,0.601806640625
2023,31,03,20,35,33.385887f,-26,68,-130,724,12652,9860,0.044189453125,0.772216796875,0.601806640625
2023,31,03,20,35,33.407672f,-27,98,-153,532,12700,9880,0.032470703125,0.775146484375,0.60302734375
2023,31,03,20,35,33.429480f,-21,106,-154,536,12644,9848,0.03271484375,0.771728515625,0.60107421875
2023,31,03,20,35,33.451208f,-12,78,-145,756,12616,9680,0.046142578125,0.77001953125,0.5908203125
2023,31,03,20,35,33.472946f,-18,74,-150,548,12664,10180,0.033447265625,0.77294921875,0.621337890625
2023,31,03,20,35,33.494679f,-19,91,-134,624,12692,9856,0.0380859375,0.774658203125,0.6015625
2023,31,03,20,35,33.516406f,-27,107,-122,292,12732,9932,0.017822265625,0.777099609375,0.606201171875
2023,31,03,20,35,33.538135f,-21,87,-148,488,12664,9792,0.02978515625,0.77294921875,0.59765625
2023,31,03,20,35,33.559861f,-55,120,-130,524,12628,9804,0.031982421875,0.770751953125,0.598388671875
2023,31,03,20,35,33.581582f,-25,91,-149,412,12684,9792,0.025146484375,0.774169921875,0.59765625
2023,31,03,20,35,33.603308f,-19,109,-169,508,12560,9880,0.031005859375,0.7666015625,0.60302734375
2023,31,03,20,35,33.625034f,-19,94,-129,592,12624,9872,0.0361328125,0.7705078125,0.6025390625
2023,31,03,20,35,33.646750f,-10,96,-128,516,12628,9812,0.031494140625,0.770751953125,0.598876953125
2023,31,03,20,35,33.668474f,-14,93,-134,564,12620,9888,0.034423828125,0.770263671875,0.603515625
2023,31,03,20,35,33.690223f,-7,97,-108,272,12656,9780,0.0166015625,0.7724609375,0.596923828125
2023,31,03,20,35,33.711945f,-16,117,-144,624,12632,9816,0.0380859375,0.77099609375,0.59912109375
2023,31,03,20,35,33.733663f,-41,97,-147,740,12620,9900,0.045166015625,0.770263671875,0.604248046875
2023,31,03,20,35,33.755378f,-7,90,-160,540,12660,9820,0.032958984375,0.772705078125,0.599365234375
2023,31,03,20,35,33.777101f,248,101,-150,708,12616,9780,0.043212890625,0.77001953125,0.596923828125
2023,31,03,20,35,33.798850f,-8,100,-136,540,12712,9900,0.032958984375,0.77587890625,0.604248046875
2023,31,03,20,35,33.820669f,-11,97,-142,580,12648,9956,0.035400390625,0.77197265625,0.607666015625
2023,31,03,20,35,33.842393f,-16,98,-128,268,12668,9880,0.016357421875,0.773193359375,0.60302734375
2023,31,03,20,35,33.864119f,-27,122,-132,764,12640,9764,0.046630859375,0.771484375,0.595947265625
2023,31,03,20,35,33.885830f,-25,87,-113,496,12760,9764,0.0302734375,0.77880859375,0.595947265625
2023,31,03,20,35,33.907580f,-35,94,-151,636,12572,9708,0.038818359375,0.767333984375,0.592529296875
2023,31,03,20,35,33.929303f,-34,117,-131,568,12592,9852,0.03466796875,0.7685546875,0.601318359375
2023,31,03,20,35,33.951081f,-29,69,-122,272,12720,9868,0.0166015625,0.7763671875,0.602294921875
2023,31,03,20,35,33.972808f,-12,106,-145,260,12700,9904,0.015869140625,0.775146484375,0.6044921875
2023,31,03,20,35,33.994538f,-30,90,-145,504,12732,9980,0.03076171875,0.777099609375,0.609130859375
2023,31,03,20,35,34.016259f,-9,106,-133,724,12656,9900,0.044189453125,0.7724609375,0.604248046875
2023,31,03,20,35,34.037999f,-24,89,-138,448,12744,9772,0.02734375,0.77783203125,0.596435546875
2023,31,03,20,35,34.059718f,-39,75,-163,448,12636,9904,0.02734375,0.771240234375,0.6044921875
2023,31,03,20,35,34.081444f,-18,120,-146,316,12700,9740,0.019287109375,0.775146484375,0.594482421875
2023,31,03,20,35,34.103212f,-28,96,-162,540,12760,9860,0.032958984375,0.77880859375,0.601806640625
2023,31,03,20,35,34.125012f,-9,90,-148,504,12664,9948,0.03076171875,0.77294921875,0.607177734375
2023,31,03,20,35,34.146728f,-35,106,-118,564,12660,9504,0.034423828125,0.772705078125,0.580078125
2023,31,03,20,35,34.168449f,-32,82,-154,536,12588,9936,0.03271484375,0.768310546875,0.6064453125
2023,31,03,20,35,34.190166f,-21,110,-153,540,12660,9980,0.032958984375,0.772705078125,0.609130859375
2023,31,03,20,35,34.211885f,-29,85,-142,764,12648,9776,0.046630859375,0.77197265625,0.5966796875
2023,31,03,20,35,34.233606f,-20,111,-154,532,12672,9636,0.032470703125,0.7734375,0.588134765625
2023,31,03,20,35,34.255329f,-14,115,-131,492,12652,9868,0.030029296875,0.772216796875,0.602294921875
2023,31,03,20,35,34.277055f,-244,99,-150,256,12664,9816,0.015625,0.77294921875,0.59912109375
2023,31,03,20,35,34.298835f,239,85,-132,468,12724,9892,0.028564453125,0.776611328125,0.603759765625
2023,31,03,20,35,34.320694f,-21,103,-142,540,12580,9736,0.032958984375,0.767822265625,0.59423828125
2023,31,03,20,35,34.342441f,-46,107,-135,484,12716,9764,0.029541015625,0.776123046875,0.595947265625
2023,31,03,20,35,34.364193f,-19,102,-132,600,12740,9968,0.03662109375,0.777587890625,0.6083984375
2023,31,03,20,35,34.385935f,-16,128,-146,480,12652,9500,0.029296875,0.772216796875,0.579833984375
2023,31,03,20,35,34.407695f,-42,89,-138,564,12700,10032,0.034423828125,0.775146484375,0.6123046875
2023,31,03,20,35,34.429505f,-35,91,-130,304,12688,9768,0.0185546875,0.7744140625,0.59619140625
2023,31,03,20,35,34.451227f,-18,98,-135,588,12640,9796,0.035888671875,0.771484375,0.597900390625
2023,31,03,20,35,34.472950f,-22,111,-134,524,12620,9884,0.031982421875,0.770263671875,0.603271484375
2023,31,03,20,35,34.494861f,-20,106,-135,532,12752,9800,0.032470703125,0.7783203125,0.59814453125
2023,31,03,20,35,34.516631f,-17,92,-168,528,12692,9784,0.0322265625,0.774658203125,0.59716796875
2023,31,03,20,35,34.538357f,-31,92,-144,480,12664,9928,0.029296875,0.77294921875,0.60595703125
2023,31,03,20,35,34.560083f,-26,82,-124,532,12628,9932,0.032470703125,0.770751953125,0.606201171875
2023,31,03,20,35,34.581797f,-14,98,-148,568,12708,9900,0.03466796875,0.775634765625,0.604248046875
2023,31,03,20,35,34.603514f,-9,116,-151,428,12760,9728,0.026123046875,0.77880859375,0.59375
2023,31,03,20,35,34.625228f,-10,119,-126,600,12688,9824,0.03662109375,0.7744140625,0.599609375
2023,31,03,20,35,34.646952f,-42,99,-148,384,12572,9764,0.0234375,0.767333984375,0.595947265625
2023,31,03,20,35,34.668667f,-11,107,-146,480,12644,9860,0.029296875,0.771728515625,0.601806640625
2023,31,03,20,35,34.690460f,6,88,-135,328,12640,9828,0.02001953125,0.771484375,0.599853515625
2023,31,03,20,35,34.712209f,-20,78,-149,544,12708,9920,0.033203125,0.775634765625,0.60546875
2023,31,03,20,35,34.733937f,-22,94,-130,504,12704,9860,0.03076171875,0.775390625,0.601806640625
2023,31,03,20,35,34.755664f,-27,108,-145,612,12580,9816,0.037353515625,0.767822265625,0.59912109375
2023,31,03,20,35,34.777392f,-9,122,-119,532,12640,9880,0.032470703125,0.771484375,0.60302734375
2023,31,03,20,35,34.799109f,-22,109,-126,584,12656,9860,0.03564453125,0.7724609375,0.601806640625
2023,31,03,20,35,34.822824f,253,98,-142,448,12624,9844,0.02734375,0.7705078125,0.600830078125
2023,31,03,20,35,34.844596f,-19,74,-151,256,12620,9900,0.015625,0.770263671875,0.604248046875
2023,31,03,20,35,34.866328f,-24,81,-132,512,12692,9780,0.03125,0.774658203125,0.596923828125
2023,31,03,20,35,34.888057f,-13,112,-139,724,12676,9888,0.044189453125,0.773681640625,0.603515625
2023,31,03,20,35,34.909812f,-20,97,-150,740,12764,9816,0.045166015625,0.779052734375,0.59912109375
2023,31,03,20,35,34.931583f,-9,72,-141,268,12692,9756,0.016357421875,0.774658203125,0.595458984375
2023,31,03,20,35,34.953317f,-17,83,-149,568,12620,9904,0.03466796875,0.770263671875,0.6044921875
2023,31,03,20,35,34.975044f,-250,110,-127,312,12728,9816,0.01904296875,0.77685546875,0.59912109375
2023,31,03,20,35,34.996838f,-36,83,-145,460,12672,9896,0.028076171875,0.7734375,0.60400390625
2023,31,03,20,35,35.018576f,-25,109,-148,308,12672,9928,0.018798828125,0.7734375,0.60595703125
2023,31,03,20,35,35.040317f,-15,99,-149,764,12668,9944,0.046630859375,0.773193359375,0.60693359375
2023,31,03,20,35,35.062044f,-31,82,-131,740,12696,9860,0.045166015625,0.77490234375,0.601806640625
2023,31,03,20,35,35.083764f,-23,110,-127,532,12720,9816,0.032470703125,0.7763671875,0.59912109375
2023,31,03,20,35,35.105486f,-14,115,-104,520,12628,9844,0.03173828125,0.770751953125,0.600830078125
2023,31,03,20,35,35.127206f,-11,102,-148,544,12544,9800,0.033203125,0.765625,0.59814453125
2023,31,03,20,35,35.148920f,-11,118,-134,276,12576,9780,0.016845703125,0.767578125,0.596923828125
2023,31,03,20,35,35.170728f,-19,113,-151,760,12604,9888,0.04638671875,0.769287109375,0.603515625
2023,31,03,20,35,35.192446f,-8,95,-146,364,12728,9812,0.022216796875,0.77685546875,0.598876953125
2023,31,03,20,35,35.214251f,-3,89,-151,764,12616,9748,0.046630859375,0.77001953125,0.594970703125
2023,31,03,20,35,35.235977f,-20,90,-145,528,12648,9884,0.0322265625,0.77197265625,0.603271484375
2023,31,03,20,35,35.257725f,-21,100,-134,528,12672,9876,0.0322265625,0.7734375,0.602783203125
2023,31,03,20,35,35.279508f,-13,95,-141,488,12608,9900,0.02978515625,0.76953125,0.604248046875
2023,31,03,20,35,35.301237f,-14,78,-130,528,12620,9840,0.0322265625,0.770263671875,0.6005859375
2023,31,03,20,35,35.322976f,-28,97,-153,564,12652,9928,0.034423828125,0.772216796875,0.60595703125
2023,31,03,20,35,35.344705f,-255,92,-158,504,12744,9752,0.03076171875,0.77783203125,0.59521484375
2023,31,03,20,35,35.366421f,-20,114,-132,584,12564,9792,0.03564453125,0.766845703125,0.59765625
2023,31,03,20,35,35.388144f,-255,90,-141,264,12680,9836,0.01611328125,0.77392578125,0.600341796875
2023,31,03,20,35,35.410021f,-25,78,-137,404,12792,9868,0.024658203125,0.78076171875,0.602294921875
2023,31,03,20,35,35.432043f,-33,105,-152,564,12656,9752,0.034423828125,0.7724609375,0.59521484375
2023,31,03,20,35,35.454484f,-54,88,-132,480,12720,9836,0.029296875,0.7763671875,0.600341796875
2023,31,03,20,35,35.476454f,-48,100,-157,696,12664,9952,0.04248046875,0.77294921875,0.607421875
2023,31,03,20,35,35.498297f,7,96,-161,764,12664,9544,0.046630859375,0.77294921875,0.58251953125
2023,31,03,20,35,35.519945f,246,115,-144,548,12664,9948,0.033447265625,0.77294921875,0.607177734375
2023,31,03,20,35,35.540317f,-21,108,-167,480,12764,9748,0.029296875,0.779052734375,0.594970703125
2023,31,03,20,35,35.560613f,-27,102,-115,544,12720,9944,0.033203125,0.7763671875,0.60693359375
2023,31,03,20,35,35.580890f,-16,119,-129,476,12704,9896,0.029052734375,0.775390625,0.60400390625
2023,31,03,20,35,35.601166f,-1,82,-148,524,12600,9852,0.031982421875,0.76904296875,0.601318359375
2023,31,03,20,35,35.621937f,-32,99,-163,580,12636,9808,0.035400390625,0.771240234375,0.5986328125
2023,31,03,20,35,35.643692f,-29,79,-136,764,12652,9772,0.046630859375,0.772216796875,0.596435546875
2023,31,03,20,35,35.665415f,-248,111,-128,272,12572,9840,0.0166015625,0.767333984375,0.6005859375
2023,31,03,20,35,35.687145f,-18,84,-147,760,12700,9828,0.04638671875,0.775146484375,0.599853515625
2023,31,03,20,35,35.708868f,-2,99,-160,288,12680,9832,0.017578125,0.77392578125,0.60009765625
2023,31,03,20,35,35.730638f,-17,91,-147,756,12580,9916,0.046142578125,0.767822265625,0.605224609375
2023,31,03,20,35,35.752366f,-35,111,-142,444,12700,9912,0.027099609375,0.775146484375,0.60498046875
2023,31,03,20,35,35.774092f,-40,87,-145,700,12740,9880,0.042724609375,0.777587890625,0.60302734375
2023,31,03,20,35,35.795824f,-10,85,-130,520,12648,9844,0.03173828125,0.77197265625,0.600830078125
2023,31,03,20,35,35.817545f,-14,85,-113,500,12636,9912,0.030517578125,0.771240234375,0.60498046875
2023,31,03,20,35,35.839267f,-31,83,-121,744,12672,10132,0.04541015625,0.7734375,0.618408203125
2023,31,03,20,35,35.861043f,255,105,-131,508,12704,9844,0.031005859375,0.775390625,0.600830078125
2023,31,03,20,35,35.882767f,-16,101,-126,564,12740,9700,0.034423828125,0.777587890625,0.592041015625
2023,31,03,20,35,35.904496f,-16,101,-143,368,12676,9540,0.0224609375,0.773681640625,0.582275390625
2023,31,03,20,35,35.926215f,-20,101,-153,276,12680,9848,0.016845703125,0.77392578125,0.60107421875
2023,31,03,20,35,35.947946f,-23,114,-139,468,12632,9876,0.028564453125,0.77099609375,0.602783203125
2023,31,03,20,35,35.969670f,-38,77,-122,476,12708,9888,0.029052734375,0.775634765625,0.603515625
2023,31,03,20,35,35.991394f,-19,92,-137,604,12652,9788,0.036865234375,0.772216796875,0.597412109375
2023,31,03,20,35,36.013113f,-18,114,-123,728,12764,9752,0.04443359375,0.779052734375,0.59521484375
2023,31,03,20,35,36.034839f,-244,105,-135,592,12764,10120,0.0361328125,0.779052734375,0.61767578125
2023,31,03,20,35,36.056560f,250,73,-136,744,12672,9872,0.04541015625,0.7734375,0.6025390625
2023,31,03,20,35,36.078282f,-2,92,-154,272,12792,9836,0.0166015625,0.78076171875,0.600341796875
2023,31,03,20,35,36.100064f,-21,85,-141,548,12676,9908,0.033447265625,0.773681640625,0.604736328125
2023,31,03,20,35,36.121804f,-66,108,-148,576,12628,9748,0.03515625,0.770751953125,0.594970703125
2023,31,03,20,35,36.143529f,-16,88,-155,316,12592,9872,0.019287109375,0.7685546875,0.6025390625
2023,31,03,20,35,36.165249f,-31,84,-161,612,12704,9836,0.037353515625,0.775390625,0.600341796875
2023,31,03,20,35,36.186962f,-7,120,-119,456,12612,9856,0.02783203125,0.769775390625,0.6015625
2023,31,03,20,35,36.208678f,17,98,-141,676,12644,9728,0.041259765625,0.771728515625,0.59375
2023,31,03,20,35,36.230427f,0,85,-131,588,12796,9792,0.035888671875,0.781005859375,0.59765625
2023,31,03,20,35,36.252147f,250,71,-147,276,12664,9852,0.016845703125,0.77294921875,0.601318359375
2023,31,03,20,35,36.273860f,-16,117,-145,684,12680,9920,0.041748046875,0.77392578125,0.60546875
2023,31,03,20,35,36.295585f,-64,89,-168,584,12648,9952,0.03564453125,0.77197265625,0.607421875
2023,31,03,20,35,36.317302f,-18,98,-123,572,12612,9960,0.034912109375,0.769775390625,0.60791015625
2023,31,03,20,35,36.339020f,-27,104,-115,444,12576,9800,0.027099609375,0.767578125,0.59814453125
2023,31,03,20,35,36.360786f,-16,86,-145,548,12576,9664,0.033447265625,0.767578125,0.58984375
2023,31,03,20,35,36.382505f,5,114,-149,492,12664,9820,0.030029296875,0.77294921875,0.599365234375
2023,31,03,20,35,36.404220f,-245,119,-146,260,12612,9924,0.015869140625,0.769775390625,0.605712890625
2023,31,03,20,35,36.425952f,252,90,-141,580,12716,9780,0.035400390625,0.776123046875,0.596923828125
2023,31,03,20,35,36.447723f,-25,94,-132,424,12672,9960,0.02587890625,0.7734375,0.60791015625
2023,31,03,20,35,36.469487f,-31,97,-134,476,12760,9868,0.029052734375,0.77880859375,0.602294921875
2023,31,03,20,35,36.491207f,-35,91,-145,268,12788,9756,0.016357421875,0.780517578125,0.595458984375
2023,31,03,20,35,36.512934f,-37,99,-131,592,12604,9676,0.0361328125,0.769287109375,0.590576171875
2023,31,03,20,35,36.534905f,-23,90,-131,528,12600,9504,0.0322265625,0.76904296875,0.580078125
2023,31,03,20,35,36.556626f,7,83,-121,728,12588,9820,0.04443359375,0.768310546875,0.599365234375
2023,31,03,20,35,36.578338f,-17,126,-135,600,12588,9848,0.03662109375,0.768310546875,0.60107421875
2023,31,03,20,35,36.600055f,-26,109,-186,276,12640,9920,0.016845703125,0.771484375,0.60546875
2023,31,03,20,35,36.621772f,-33,95,-158,576,12600,9740,0.03515625,0.76904296875,0.594482421875
2023,31,03,20,35,36.643481f,-57,71,-149,516,12572,9492,0.031494140625,0.767333984375,0.579345703125
2023,31,03,20,35,36.665192f,-16,81,-168,708,12672,9820,0.043212890625,0.7734375,0.599365234375
2023,31,03,20,35,36.686903f,-23,106,-145,500,12736,9884,0.030517578125,0.77734375,0.603271484375
2023,31,03,20,35,36.708639f,-17,105,-129,580,12672,9816,0.035400390625,0.7734375,0.59912109375
2023,31,03,20,35,36.730347f,-19,100,-138,584,12692,9812,0.03564453125,0.774658203125,0.598876953125
2023,31,03,20,35,36.752058f,17,94,-162,536,12596,9796,0.03271484375,0.768798828125,0.597900390625
2023,31,03,20,35,36.773775f,-27,107,-170,736,12652,9620,0.044921875,0.772216796875,0.587158203125
2023,31,03,20,35,36.795480f,-20,102,-164,576,12640,9728,0.03515625,0.771484375,0.59375
2023,31,03,20,35,36.817198f,-27,86,-152,288,12532,10052,0.017578125,0.764892578125,0.613525390625
2023,31,03,20,35,36.838914f,-29,109,-162,388,12704,10084,0.023681640625,0.775390625,0.615478515625
2023,31,03,20,35,36.860664f,-26,88,-166,564,12784,9908,0.034423828125,0.7802734375,0.604736328125
2023,31,03,20,35,36.882386f,-245,70,-125,744,12616,9892,0.04541015625,0.77001953125,0.603759765625
2023,31,03,20,35,36.904108f,4,90,-138,424,12560,9904,0.02587890625,0.7666015625,0.6044921875
2023,31,03,20,35,36.925826f,244,95,-146,448,12680,9848,0.02734375,0.77392578125,0.60107421875
2023,31,03,20,35,36.947574f,-20,96,-131,568,12612,9728,0.03466796875,0.769775390625,0.59375
2023,31,03,20,35,36.969280f,-13,107,-109,604,12652,9964,0.036865234375,0.772216796875,0.608154296875
2023,31,03,20,35,36.991036f,-49,104,-119,576,12708,9880,0.03515625,0.775634765625,0.60302734375
2023,31,03,20,35,37.012805f,-29,98,-130,584,12624,10004,0.03564453125,0.7705078125,0.610595703125
2023,31,03,20,35,37.034532f,-33,105,-131,756,12720,9816,0.046142578125,0.7763671875,0.59912109375
2023,31,03,20,35,37.056246f,-249,89,-141,284,12676,9532,0.017333984375,0.773681640625,0.581787109375
2023,31,03,20,35,37.077966f,-16,100,-146,580,12628,9964,0.035400390625,0.770751953125,0.608154296875
2023,31,03,20,35,37.099676f,-35,87,-120,764,12620,9840,0.046630859375,0.770263671875,0.6005859375
2023,31,03,20,35,37.121498f,-16,103,-151,728,12580,9948,0.04443359375,0.767822265625,0.607177734375
2023,31,03,20,35,37.143468f,-26,120,-141,504,12612,9788,0.03076171875,0.769775390625,0.597412109375
2023,31,03,20,35,37.167156f,-17,108,-131,636,12672,9940,0.038818359375,0.7734375,0.606689453125
2023,31,03,20,35,37.190811f,-47,112,-122,508,12552,9836,0.031005859375,0.76611328125,0.600341796875
2023,31,03,20,35,37.214467f,-5,107,-141,544,12628,9912,0.033203125,0.770751953125,0.60498046875
2023,31,03,20,35,37.238114f,8,93,-142,728,12608,9816,0.04443359375,0.76953125,0.59912109375
